Name,Constituency,Year Joined,publisher
Australia - Department of Foreign Affairs and Trade,Providers of development cooperation,2008,ausgov
Denmark - Ministry of Foreign Affairs,Providers of development cooperation,2008,danida
European Commission (EC),Providers of development cooperation,2008,ec-devco
European Commission (EC),Providers of development cooperation,2008,ec-near
European Commission (EC),Providers of development cooperation,2008,ec-echo
Finland - Ministry for Foreign Affairs,Providers of development cooperation,2008,finland_mfa
Gavi,Providers of development cooperation,2008,gavi
Germany - Federal Ministry for Economic Cooperation and Development (BMZ),Providers of development cooperation,2008,bmz
Germany - Federal Ministry for Economic Cooperation and Development (BMZ),Providers of development cooperation,2008,bmu_iki
Germany - Federal Ministry for Economic Cooperation and Development (BMZ),Providers of development cooperation,2008,fo_germany
Ireland - Irish Aid,Providers of development cooperation,2008,irishaid
New Zealand - NZAID,Providers of development cooperation,2008,mfat
Sweden - Sida,Providers of development cooperation,2008,sida
UK - Department for International Development (DFID),Providers of development cooperation,2008,cssf
UK - Department for International Development (DFID),Providers of development cooperation,2008,prosperityfund
UK - Department for International Development (DFID),Providers of development cooperation,2008,dit
UK - Department for International Development (DFID),Providers of development cooperation,2008,hmtfitb
UK - Department for International Development (DFID),Providers of development cooperation,2008,beis
UK - Department for International Development (DFID),Providers of development cooperation,2008,dcms
UK - Department for International Development (DFID),Providers of development cooperation,2008,defra_transparency
UK - Department for International Development (DFID),Providers of development cooperation,2008,dwp
UK - Department for International Development (DFID),Providers of development cooperation,2008,dhsc
UK - Department for International Development (DFID),Providers of development cooperation,2008,fco
UK - Department for International Development (DFID),Providers of development cooperation,2008,homeoffice
UK - Department for International Development (DFID),Providers of development cooperation,2008,mrc
UK - Department for International Development (DFID),Providers of development cooperation,2008,ukmod
UK - Department for International Development (DFID),Providers of development cooperation,2008,scottish_government
UK - Department for International Development (DFID),Providers of development cooperation,2008,dfe
UK - Department for International Development (DFID),Providers of development cooperation,2008,dfid
William and Flora Hewlett Foundation,Providers of development cooperation,2008,hewlett-foundation
World Bank,Providers of development cooperation,2008,worldbank
African Development Bank (AfDB),Providers of development cooperation,2011,afdb
Canada - Global Affairs Canada / Affaires mondiales Canada,Providers of development cooperation,2011,gac-amc
Canada - Global Affairs Canada / Affaires mondiales Canada,Providers of development cooperation,2011,finance_canada
"Global Fund to Fight AIDS, Tuberculosis and Malaria",Providers of development cooperation,2011,theglobalfund
Inter-American Development Bank (IDB),Providers of development cooperation,2011,iadb
United Nations Development Programme (UNDP),Providers of development cooperation,2011,undp
United Nations Office for Project Services (UNOPS),Providers of development cooperation,2011,unops
United States,Providers of development cooperation,2011,unitedstates
United States,Providers of development cooperation,2011,usaid
United States,Providers of development cooperation,2011,milleniumchallenge
Belgium - Belgian Development Agency (BTC),Providers of development cooperation,2012,be-dgd
Belgium - Belgian Development Agency (BTC),Providers of development cooperation,2012,enabel
International Fund for Agricultural Development (IFAD),Providers of development cooperation,2012,ifad
United Nations Children’s Fund (UNICEF),Providers of development cooperation,2012,unicef
United Nations Population Fund (UNFPA),Providers of development cooperation,2012,unfpa
United Nations Women (UN Women),Providers of development cooperation,2012,unw
United Nations World Food Programme (WFP),Providers of development cooperation,2012,wfp
Bill and Melinda Gates Foundation,Providers of development cooperation,2013,bmgf
European Investment Bank (EIB),Providers of development cooperation,2013,eib
Children's Investment Fund Foundation (CIFF),Providers of development cooperation,2016,
Food and Agriculture Organization of the United Nations (FAO),Providers of development cooperation,2016,fao
France - Agence Française de Développement (AFD),Providers of development cooperation,2016,france
"Korea, Republic of",Providers of development cooperation,2016,odakorea
United Nations Environment Programme (UNEP),Providers of development cooperation,2016,un-environment
United Nations Industrial Development Organization (UNIDO),Providers of development cooperation,2016,unido
World Health Organization,Providers of development cooperation,2016,who
International Finance Corporation (IFC),Providers of development cooperation,2017,ifcwbg
International Organization for Migration (IOM),Providers of development cooperation,2017,iom
Italy - Agency for Cooperation and Development (ACIS),Providers of development cooperation,2017,aics
Netherlands - Ministry of Foreign Affairs – Development Cooperation,Providers of development cooperation,2008,minbuza_nl
Netherlands Enterprise Agency (RVO.nl),Providers of development cooperation,2017,kad
Netherlands Enterprise Agency (RVO.nl),Providers of development cooperation,2017,knmi
Netherlands Enterprise Agency (RVO.nl),Providers of development cooperation,2017,rvo
Netherlands Enterprise Agency (RVO.nl),Providers of development cooperation,2017,now
Bangladesh (Vice Chair),Partner countries,2012,
Burkina Faso,Partner countries,2012,
Colombia,Partner countries,2012,
"Congo, Republic of the",Partner countries,2012,
Democratic Republic of the Congo,Partner countries,2012,
Dominican Republic,Partner countries,2012,
Ghana,Partner countries,2012,
Honduras,Partner countries,2012,
Indonesia,Partner countries,2012,
Lebanon,Partner countries,2012,
Liberia,Partner countries,2012,
Madagascar,Partner countries,2012,
Malawi,Partner countries,2012,
Moldova,Partner countries,2012,
Montenegro,Partner countries,2012,
Nepal,Partner countries,2012,
Papua New Guinea,Partner countries,2012,
Rwanda,Partner countries,2012,
Sierra Leone,Partner countries,2012,
Syria,Partner countries,2012,
Tanzania,Partner countries,2012,
Vietnam,Partner countries,2012,
"Myanmar, Republic of the Union of",Partner countries,2014,
Yemen,Partner countries,2014,
Benin,Partner countries,2015,
Burundi,Partner countries,2015,
Nigeria,Partner countries,2015,
Guinea,Partner countries,2017,
Mali,Partner countries,2017,
Somalia,Partner countries,2017,
São Tomé and Príncipe,Partner countries,2018,
Development Initiatives Poverty Research,CSOs and others,2008,dipr
Publish What You Fund,CSOs and others,2008,pwyf
Transparency International,CSOs and others,2008,tib
Transparency International,CSOs and others,2008,ti_kenya
Transparency International,CSOs and others,2008,transparency-international
Transparency International,CSOs and others,2008,ti-uk
Accountable Now,CSOs and others,2013,accountablenow
Bond,CSOs and others,2013,bond
Development Gateway,CSOs and others,2014,
Catalpa,CSOs and others,2015,
Cordaid,CSOs and others,2015,cordaid
CSO Partnership for Development Effectiveness (CPDE),CSOs and others,2015,
InterAction,CSOs and others,2015,interaction
Akvo,CSOs and others,2016,akvo
International Development Law Organization (IDLO),CSOs and others,2016,idlo
Synergy International Systems,CSOs and others,2016,
Zimmerman & Zimmerman,CSOs and others,2016,
Oxfam America,CSOs and others,2017,oxfamus
Oxfam Novib,CSOs and others,2017,onl
Plan International,CSOs and others,2017,pib
Plan International,CSOs and others,2017,planinternationalfinland
Plan International,CSOs and others,2017,plannlno
Plan International,CSOs and others,2017,plan_uk
Plan International,CSOs and others,2017,plan_usa
Plan International,CSOs and others,2017,plan_ireland
Association of Freelance Journalists,CSOs and others,2018,
Development Media International,CSOs and others,2018,dmi_admin
Open Data Services Co-operative,CSOs and others,2018,
World Vision International,CSOs and others,2018,wvi
Data4Development,CSOs and others,2019,d4d
DevResults,CSOs and others,2019,
Open Works,CSOs and others,2019,
